cluster,PC1,PC2,PC3
C0,-0.3471425772593079,-0.3157662099949432,-0.1803035533802925
C1,0.27454847295219026,-0.39092410022503976,0.014390077308902596
C2,-0.27740328044350926,0.3915437243350357,-0.008827467719444954
C3,0.10259806869560059,0.08675805598573681,-0.44495089943268346
C4,0.38990844530646335,0.2719462654285156,0.14958571983324015
C5,-0.14772685394821747,-0.0686818980093878,0.43423631284921915
